{
    "action": {
        "mean": [
            0.04105957970023155,
            -0.014920603483915329,
            0.24307623505592346,
            -0.13482175767421722,
            0.11775043606758118,
            0.8766058683395386
        ],
        "std": [
            0.41895392537117004,
            0.4761725664138794,
            0.5022438764572144,
            0.38946300745010376,
            0.13422620296478271,
            0.736641526222229
        ],
        "max": [
            0.8527676463127136,
            1.1659151315689087,
            1.399999976158142,
            0.8514933586120605,
            0.4798617660999298,
            1.5
        ],
        "min": [
            -1.3182109594345093,
            -1.3985036611557007,
            -1.0940861701965332,
            -1.0783679485321045,
            -0.198730930685997,
            -1.2443449181021994e-17
        ]
    },
    "observation.state": {
        "mean": [
            0.04105130583047867,
            -0.014649600721895695,
            0.2427808940410614,
            -0.13488556444644928,
            0.11776091903448105,
            0.8766058087348938
        ],
        "std": [
            0.41896551847457886,
            0.47604137659072876,
            0.5024206042289734,
            0.38953307271003723,
            0.134318545460701,
            0.7366414666175842
        ],
        "max": [
            0.8527676463127136,
            1.1659151315689087,
            1.399999976158142,
            0.8514933586120605,
            0.4798617660999298,
            1.5
        ],
        "min": [
            -1.3182109594345093,
            -1.3985036611557007,
            -1.0940861701965332,
            -1.0783679485321045,
            -0.198730930685997,
            -1.2443449181021994e-17
        ]
    },
    "timestamp": {
        "mean": [
            4.211215496063232
        ],
        "std": [
            2.536855459213257
        ],
        "max": [
            11.199999809265137
        ],
        "min": [
            0.0
        ]
    },
    "task_index": {
        "mean": [
            0.0
        ],
        "std": [
            0.0
        ],
        "max": [
            0.0
        ],
        "min": [
            0.0
        ]
    },
    "episode_index": {
        "mean": [
            9.039125442504883
        ],
        "std": [
            5.881954193115234
        ],
        "max": [
            19.0
        ],
        "min": [
            0.0
        ]
    },
    "frame_index": {
        "mean": [
            126.33646392822266
        ],
        "std": [
            76.10566711425781
        ],
        "max": [
            336.0
        ],
        "min": [
            0.0
        ]
    },
    "index": {
        "mean": [
            2491.5
        ],
        "std": [
            1438.7567138671875
        ],
        "max": [
            4983.0
        ],
        "min": [
            0.0
        ]
    },
    "pickup_box": {
        "mean": [
            0.1994733363389969,
            0.26813867688179016,
            0.298286110162735,
            0.3180660605430603
        ],
        "std": [
            0.17320987582206726,
            0.23203523457050323,
            0.2516789138317108,
            0.2712129056453705
        ],
        "max": [
            0.5630000233650208,
            0.609000027179718,
            0.6349999904632568,
            0.6489999890327454
        ],
        "min": [
            0.0,
            0.0,
            0.0,
            0.0
        ]
    },
    "target_box": {
        "mean": [
            0.22413143515586853,
            0.21582278609275818,
            0.8015400171279907,
            0.6795387268066406
        ],
        "std": [
            0.2413320690393448,
            0.2260328233242035,
            1.179613471031189,
            0.8584173321723938
        ],
        "max": [
            0.6959999799728394,
            0.6579999923706055,
            4.258333206176758,
            3.1937499046325684
        ],
        "min": [
            0.0,
            0.0,
            0.23999999463558197,
            0.2370000034570694
        ]
    },
    "observation.images.main": {
        "mean": [
            [
                [
                    0.5487514138221741
                ]
            ],
            [
                [
                    0.534176766872406
                ]
            ],
            [
                [
                    0.37962964177131653
                ]
            ]
        ],
        "std": [
            [
                [
                    0.17041051387786865
                ]
            ],
            [
                [
                    0.134475976228714
                ]
            ],
            [
                [
                    0.11644745618104935
                ]
            ]
        ],
        "max": [
            [
                [
                    1.0
                ]
            ],
            [
                [
                    0.9372549057006836
                ]
            ],
            [
                [
                    0.7254902124404907
                ]
            ]
        ],
        "min": [
            [
                [
                    0.0
                ]
            ],
            [
                [
                    0.0
                ]
            ],
            [
                [
                    0.0
                ]
            ]
        ]
    },
    "observation.images.secondary_0": {
        "mean": [
            [
                [
                    0.44885051250457764
                ]
            ],
            [
                [
                    0.41144827008247375
                ]
            ],
            [
                [
                    0.38792985677719116
                ]
            ]
        ],
        "std": [
            [
                [
                    0.27291855216026306
                ]
            ],
            [
                [
                    0.2511313259601593
                ]
            ],
            [
                [
                    0.242158904671669
                ]
            ]
        ],
        "max": [
            [
                [
                    1.0
                ]
            ],
            [
                [
                    1.0
                ]
            ],
            [
                [
                    1.0
                ]
            ]
        ],
        "min": [
            [
                [
                    0.0
                ]
            ],
            [
                [
                    0.0
                ]
            ],
            [
                [
                    0.0
                ]
            ]
        ]
    }
}